{
  "mean_afp_high_ratio": 0.2734375,
  "mean_exchange_high_ratio": 0.38671875,
  "mean_ratio_increase": 0.11328125,
  "mean_afp_high_fill_distance": 0.07909845607253554,
  "mean_exchange_high_fill_distance": 0.06484450800192473,
  "mean_fill_distance_reduction": 0.014253948070610825,
  "mean_swap_in_minus_out_hessian": 0.3567547800021786,
  "passed": true
}