{
  "degree5_mean_trend_energy_ratio": 0.9053886881236671,
  "degree5_mean_residual_energy_ratio": 0.0946113117989604,
  "passed": true
}