{
  "reproduced": true,
  "mean_local_improvement": 0.5445673701026527,
  "positive_ratio": 1.0,
  "wilcoxon_p": 9.5367431640625e-07
}