{
  "mean_afp_high_ratio": 0.2734375,
  "mean_exchange_high_ratio": 0.534375,
  "mean_ratio_increase": 0.2609375,
  "mean_fill_distance_reduction": 0.028573158515563368,
  "mean_swap_in_minus_out_hessian": 0.3513383509147912,
  "passed": true
}