method,mean_global_rmse,mean_local_rmse,median_local_rmse,std_local_rmse
afp_baseline,0.0007074724399473872,0.0012366831140023357,0.0010464556515276887,0.0010299977068268548
afp_exchange,0.0005542479065850883,0.0007632026698482602,0.00046749904236392814,0.0007280412567208161
hessian_weighted,0.000737882951682151,0.0010861173496589929,0.0009152068934335225,0.0009453058357191191
jittered_grid,0.0010803320347744212,0.0019825480686305194,0.0013413175132483952,0.0017817181701630254
latin_hypercube,0.001036681879924781,0.0018423079689610443,0.0016081359677446593,0.0012416274503851475
poisson_disk,0.0006973010085329662,0.0012644817984809398,0.0008890424316063776,0.0011155493658238946
random_uniform,0.0011024771120326901,0.0019328628449886017,0.0017213167826988114,0.0013274341225563023
regular_grid,0.001076213710404705,0.0019075823949183716,0.001224125777394277,0.0017346759146488974
